現地コード,銘柄名(English),銘柄名,市場,業種,取扱
ACWI,iShares MSCI ACWI ETF,iシェアーズ MSCI ACWI ETF,NASDAQ,その他,○
AFK,VanEck Vectors Africa Index ETF,ヴァンエック・ベクトル・アフリカ・インデックスETF,NYSE Arca,その他,○
AGG,ISHARES CORE US AGGREGATE BOND ETF,iシェアーズ コア米国総合債券ETF,NYSE Arca,その他,○
AGGY,WISDOMTREE YIELD ENHANCED US AGGREGATE BOND FUND,ウィズダムツリー 米国債券ファンド（利回り強化型）,NYSE Arca,その他,○
AIQ,GLOBAL X ARTIFICIAL INTELLIGENCE & TECHNOLOGY ETF,グローバルX AIビッグデータ ETF,NASDAQ,その他,○
ALTY,GLOBAL X SUPERDIVIDEND ALTERNATIVES ETF,グローバルX スーパーディビィデンド・オルタナティブズ ETF,NASDAQ,その他,○
BAL,iPath Series B Bloomberg Cotton Subindex Total Return ETN,iPath シリーズB ブルームバーグ・コットン・サブ指数トータルリターンETN,NYSE Arca,その他,○
BBH,VanEck Vectors Biotech ETF,ヴァンエック・ベクトル・バイオテクETF,NASDAQ,その他,○
BCM,IPATH PURE BETA BROAD COMMODITY ETN,iPathピュア・ベータ・ブロード・コモディティETN,NYSE Arca,その他,○
BIV,VANGUARD INTERMEDIATE-TERM BOND ETF,バンガード・米国中期債券ETF,NYSE Arca,その他,○
BLV,VANGUARD LONG-TERM BOND ETF,バンガード・米国長期債券ETF,NYSE Arca,その他,○
BND,Vanguard TOTAL BOND MARKET ETF,バンガード・米国トータル債券市場ETF,NASDAQ,その他,○
BNDX,VANGUARD TOTAL INTERNATIONAL BOND ETF,バンガード・トータル・インターナショナル債券ETF（米ドルヘッジあり）,NASDAQ,その他,○
BOTZ,GLOBAL X ROBOTICS & ARTIFICIAL INTELLIGENCE ETF,グローバルX ロボット＆AI・ETF,NASDAQ,その他,○
BRF,VanEck Vectors Brazil Small-Cap ETF,ヴァンエック・ベクトル・ブラジル小型株ETF,NYSE Arca,その他,○
BSV,VANGUARD SHORT-TERM BOND ETF,バンガード・米国短期債券ETF,NYSE Arca,その他,○
BUG,GLOBAL X CYBERSECURITY ETF,グローバルX サイバーセキュリティ ETF,NASDAQ,その他,○
BWX,SPDR BLOOMBERG BARCLAYS INTERNATIONAL TREASURY BOND ETF,SPDR ブルームバーグ・バークレイズ世界国債（除く米国）ETF,NYSE Arca,その他,○
CHAD,DIREXION DAILY CSI 300 CHINA A SHARE BEAR 1X SHARES ,Direxion デイリー CSI 300 中国A株 ベア1倍 ETF,NYSE Arca,その他,○
CHAU,DIREXION DAILY CSI 300 CHINA A SHARE BULL 2X SHARES,Direxion デイリー CSI 300 中国A株 ブル2倍 ETF　,NYSE Arca,その他,○
CLOU,GLOBAL X CLOUD COMPUTING ETF,グローバルX クラウド・コンピューティング ETF,NASDAQ,その他,○
CNXT,VanEck Vectors ChinaAMC SME-ChiNext ETF,ヴァンエック・ベクトル中国AMC中小企業・創業板ETF,NYSE Arca,その他,○
COW,iPath Series B Bloomberg Livestock Subindex Total Return ETN,iPath シリーズB ブルームバーグ畜産物サブ指数トータルリターンETN,NYSE Arca,その他,○
CTEC,GLOBAL X CLEANTECH ETF,グローバルX クリーンテック ETF,NASDAQ,その他,○
CURE,DIREXION DAILY HEALTHCARE BULL 3X SHARES,Direxion デイリー ヘルスケア株 ブル3倍 ETF,NYSE Arca,その他,○
CWB,SPDR Bloomberg Barclays Convertible Securities ETF,SPDR ブルームバーグ・バークレイズ・コンバーチブル債券ETF,NYSE Arca,その他,○
CWEB,DIREXION DAILY CSI CHINA INTERNET INDEX BULL 2X SHARES,Direxion デイリー CSI中国インターネット指数株 ブル 2倍 ETF,NYSE Arca,その他,○
CWI,SPDR MSCI ACWI ex-US ETF,SPDR　MSCI 全世界株式（除く米国）　ETF,NYSE Arca,その他,○
CXSE,WISDOMTREE CHINA EX-STATE-OWNED ENTERPRISE FUND,ウィズダムツリー中国株ニューエコノミーファンド,NASDAQ,その他,○
DBA,Invesco DB Agriculture Fund,インベスコDBアグリカルチャー・ファンド,NYSE Arca,その他,○
DBC,Invesco DB Commodity Index Tracking Fund,インベスコDB コモディティ・インデックス・トラッキング・ファンド,NYSE Arca,その他,○
DEM,WisdomTree Emerging Markets High Dividend Fund,ウィズダムツリー  新興国株 高配当ファンド,NYSE Arca,その他,○
DES,WISDOMTREE SMALLCAP DIVIDEND FUND,ウィズダムツリー　米国小型株配当ファンド,NYSE Arca,その他,○
DEW,WisdomTree Global High Dividend Fund,ウィズダムツリー  世界株 高配当ファンド,NYSE Arca,その他,○
DFE,WisdomTree Europe SmallCap Dividend Fund,ウィズダムツリー  欧州小型株配当ファンド,NYSE Arca,その他,○
DFJ,WisdomTree Japan SmallCap Dividend Fund,ウィズダムツリー  日本小型株配当ファンド,NYSE Arca,その他,○
DGRE,WISDOMTREE EMERGING MARKETS QUALITY DIVIDEND GROWTH FUND,ウィズダムツリー　新興国株クオリティ配当成長ファンド,NASDAQ,その他,○
DGRS,WISDOMTREE U.S. SMALLCAP QUALITY DIVIDEND GROWTH FUND,ウィズダムツリー　米国小型株クオリティ配当成長ファンド,NASDAQ,その他,○
DGRW,WISDOMTREE U.S. QUALITY DIVIDEND GROWTH FUND,ウィズダムツリー　米国株クオリティ配当成長ファンド,NASDAQ,その他,○
DGS,WISDOMTREE EMERGING MARKETS SMALLCAP DIVIDEND FUND,ウィズダムツリー　新興国小型株配当ファンド,NYSE Arca,その他,○
DHS,WisdomTree High Dividend Fund,ウィズダムツリー  米国株 高配当ファンド,NYSE Arca,その他,○
DIA,SPDR Dow Jones Industrial Average ETF ,SPDR ダウ工業株平均 ETF,NYSE Arca,その他,○
DIV,GLOBAL X SUPERDIVIDEND U.S. ETF,グローバルX スーパーディビィデンド・米国低ベータ ETF,NYSE Arca,その他,○
DJP,IPATH BLOOMBERG COMMODITY INDEX TOTAL RETURN ETN,iPathブルームバーグ・コモディティ指数トータルリターンETN,NYSE Arca,その他,○
DLN,WISDOMTREE LARGECAP DIVIDEND FUND,ウィズダムツリー　米国大型株配当ファンド,NYSE Arca,その他,○
DON,WISDOMTREE MIDCAP DIVIDEND FUND,ウィズダムツリー　米国中型株配当ファンド,NYSE Arca,その他,○
DRIP,DIREXION DAILY S&P OIL & GAS EXP & PROD BEAR 2X SHARES,Direxion デイリー S&P 石油 ・ガス採掘・生産 ベア2倍 ETF,NYSE Arca,その他,○
DRN,DIREXION DAILY REAL ESTATE BULL 3X SHARES,Direxion デイリー 米国リート ブル3倍 ETF,NYSE Arca,その他,○
DRV,DIREXION DAILY REAL ESTATE BEAR 3X SHARES ,Direxion デイリー 米国リート ベア3倍 ETF,NYSE Arca,その他,○
DUST,DIREXION DAILY GOLD MINERS BEAR 2X SHARES,Direxion デイリー 金鉱株 ベア2倍 ETF,NYSE Arca,その他,○
DVY,iShares Select Dividend ETF,iシェアーズ 好配当株式 ETF,NASDAQ,その他,○
DXJ,WisdomTree Japan Hedged Equity Fund,ウィズダムツリー  日本株米ドルヘッジ付ファンド,NYSE Arca,その他,○
DXJS,WisdomTree Japan Hedged SmallCap Equity Fund,ウィズダムツリー  日本小型株米ドルヘッジ付ファンド,NASDAQ,その他,○
EBIZ,GLOBAL X ECOMMERCE ETF,グローバルX eコマース ETF,NASDAQ,その他,○
EBND,SPDR Bloomberg Barclays Emerging Markets Local Bond,SPDR ブルームバーグ・バークレイズ 新興国債券（現地通貨建て）ETF,NYSE Arca,その他,○
EDC,DIREXION DAILY EMERGING MARKETS BULL 3X SHARES,Direxion デイリー 新興国株 ブル3倍 ETF,NYSE Arca,その他,○
EDOC,GLOBAL X TELEMEDICINE & DIGITAL HEALTH ETF,グローバルX　eドック（遠隔医療＆デジタルヘルス）ETF,NASDAQ,その他,○
EDV,VANGUARD EXTENDED DURATION TREASURY ETF,バンガード・超長期米国債ETF,NYSE Arca,その他,○
EDZ,DIREXION DAILY EMERGING MARKETS BEAR 3X SHARES,Direxion デイリー 新興国株 ベア3倍 ETF,NYSE Arca,その他,○
EEM,iShares MSCI Emerging Markets ETF,iシェアーズ MSCI エマージング・マーケット ETF,NYSE Arca,その他,○
EEMS,iShares MSCI Emerging Markets Small‐Cap ETF,iシェアーズ MSCI エマージング・マーケット小型株 ETF,NYSE Arca,その他,○
EFA,iShares MSCI EAFE INDEX FUND,iシェアーズ MSCI EAFE ETF,NYSE Arca,その他,○
EIDO,iShares MSCI INDONESIA INVESTABLE MARKET INDEX FUND,iシェアーズ MSCI インドネシア ETF,NYSE Arca,その他,○
ELD,WisdomTree Emerging Markets Local Debt Fund,ウィズダムツリー  新興国現地通貨建債券ファンド,NYSE Arca,その他,○
EMB,iShares JPMORGAN USD EMERGING MARKETS BOND FUND,iシェアーズ J.P.モルガン・米ドル建てエマージング・マーケット債券 ETF,NASDAQ,その他,○
EMLC,VanEck Vectors J.P. Morgan EM Local Currency Bond ETF,ヴァンエック・ベクトル・JPモルガン新興国債券（現地通貨建て）ETF,NYSE Arca,その他,○
EPHE,iShares MSCI PHILIPPINES INVESTABLE MARKET INDEX FUND,iシェアーズ MSCI フィリピン ETF,NYSE Arca,その他,○
EPI,WisdomTree India Earnings Fund,ウィズダムツリー  インド株収益ファンド,NYSE Arca,その他,○
EPOL,iShares MSCI Poland ETF,iシェアーズ MSCI ポーランドETF,NYSE Arca,その他,○
EPP,iShares MSCI PACIFIC EX-JAPAN INDEX,iシェアーズ MSCI パシフィック（除く日本）ETF,NYSE Arca,その他,○
ERUS,iShares MSCI Russia ETF,iシェアーズ MSCI ロシアETF,NYSE Arca,その他,○
ERX,DIREXION DAILY ENERGY BULL 2X SHARES,Direxion デイリー エネルギー株 ブル 2倍 ETF,NYSE Arca,その他,○
ERY,DIREXION DAILY ENERGY BEAR 2X SHARES,Direxion デイリー エネルギー株 ベア2倍 ETF,NYSE Arca,その他,○
EUDG,WISDOMTREE EUROPE QUALITY DIVIDEND GROWTH FUND,ウィズダムツリー　欧州株クオリティ配当成長ファンド,NYSE Arca,その他,○
EWG,iShares MSCI Germany ETF,iシェアーズ MSCI ドイツ ETF,NYSE Arca,その他,○
EWJ,iShares MSCI Japan Index Fund,iシェアーズ MSCI ジャパン ETF,NYSE Arca,その他,○
EWM,iShares MSCI MALAYSIA,iシェアーズ MSCI マレーシア ETF,NYSE Arca,その他,○
EWS,iShares MSCI Singapore ETF,iシェアーズ MSCI シンガポールETF,NYSE Arca,その他,○
EWT,iShares MSCI Taiwan ETF,iシェアーズ MSCI 台湾 ETF　,NYSE Arca,その他,○
EWW,iShares MSCI MEXICO ETF,iシェアーズ MSCI メキシコ ETF,NYSE Arca,その他,○
EWY,iShares MSCI SOUTH KOREA ETF,iシェアーズ MSCI 韓国 ETF,NYSE Arca,その他,○
EWZ,iShares MSCI BRAZIL ETF,iシェアーズ MSCI ブラジル ETF,NYSE Arca,その他,○
EXI,iShares Global Industrials ETF,iシェアーズ グローバル資本財 ETF,NYSE Arca,その他,○
EZA,iShares MSCI SOUTH AFRICA INDEX,iシェアーズ MSCI 南アフリカ ETF,NYSE Arca,その他,○
FAS,DIREXION DAILY FINANCIAL BULL 3X SHARES ,Direxion デイリー 米国金融株 ブル3倍 ETF,NYSE Arca,その他,○
FAZ,DIREXION DAILY FINANCIAL BEAR 3X SHARES ,Direxion デイリー 米国金融株 ベア3倍 ETF,NYSE Arca,その他,○
FDN,FIRST TRUST DOW JONES INTERNET INDEX FUND,ファースト・トラスト・ダウ・ジョーンズ・インターネット・インデックス・ファンド,NYSE Arca,その他,○
FEZ,SPDR EURO STOXX 50 ETF,SPDR ユーロ・ストックス50 ETF,NYSE Arca,その他,○
FINX,GLOBAL X FINTECH ETF,グローバルX フィンテック ETF,NASDAQ,その他,○
FM,iShares MSCI Frontier 100 Index Fund,iシェアーズ MSCI フロンティア 100 ETF,NYSE Arca,その他,○
FPX,FIRST TRUST US EQUITY OPPORTUNITIES ETF,ファースト・トラスト・米国エクイティ・オポチュニティーズ・ ETF,NYSE Arca,その他,○
FVD,FIRST TRUST VALUE LINE DIVIDEND INDEX FUND,ファースト・トラスト・バリュー・ライン・ディビデント・インデックス・ファンド,NYSE Arca,その他,○
FXI,iShares China Large‐Cap ETF,iシェアーズ 中国大型株 ETF,NYSE Arca,その他,○
GAL,SPDR SSgA Global Allocation ETF,SPDR　SSgA グローバル・アロケーション ETF,NYSE Arca,その他,○
GDX,VanEck Vectors Gold Miners ETF,ヴァンエック・ベクトル・金鉱株ETF,NYSE Arca,その他,○
GDXJ,VanEck Vectors Junior Gold Miners ETF,ヴァンエック・ベクトル・中小型金鉱株ETF,NYSE Arca,その他,○
GINN,GOLDMAN SACHS INNOVATE EQUITY ETF,GS イノベーション ETF,NYSE Arca,その他,○
GLCN,VanEck Vectors China Growth Leaders ETF,ヴァンエック・ベクトル中国グロースリーダーズETF,NYSE Arca,その他,○
GLD,SPDR GOLD SHARES,SPDR ゴールド・シェア,NYSE Arca,その他,○
GLDM,SPDR GOLD MINISHARES,SPDR ゴールド・ミニシェアーズ・トラスト,NYSE,その他,○
GLIN,VanEck Vectors India Growth Leaders ETF,ヴァンエック・ベクトル・インドグロースリーダーズETF,NYSE Arca,その他,○
GMF,SPDR S&P Emerging Asia Pacific ETF,SPDR　S&P　ア ジ ア・パ シ フィ ッ ク　新興国株式 ETF,NYSE Arca,その他,○
GNOM,GLOBAL X GENOMICS & BIOTECHNOLOGY ETF,グローバルX ゲノム＆バイオテクノロジー ETF,NASDAQ,その他,○
GSG,iShares S&P GSCI COMMODITY INDEXED TRUST,iシェアーズ S&P GSCI コモディティ・インデックス・トラスト,NYSE Arca,その他,○
GSP,IPATH S&P GSCI TOTAL RETURN INDEX ETN,iPath S&P GSCIトータルリターン指数ETN,NYSE Arca,その他,○
GUSH,DIREXION DAILY S&P OIL & GAS EXP & PROD BULL 2X SHARES,Direxion デイリー S&P 石油 ・ガス採掘・生産 ブル2倍 ETF,NYSE Arca,その他,○
GXTG,GLOBAL X THEMATIC GROWTH ETF,グローバルX マルチテーマ成長株 ETF,NASDAQ,その他,○
HACK,ETFMG Prime Cyber Security ETF,ETFMG・プライム・サイバー・セキュリティー・ETF,NYSE Arca,その他,○
HDV,iShares Core High Dividend ETF,iシェアーズ コア米国高配当株 ETF,NYSE Arca,その他,○
HEDJ,WisdomTree Europe Hedged Equity Fund,ウィズダムツリー  欧州株米ドルヘッジ付ファンド,NYSE Arca,その他,○
HERO,GLOBAL X VIDEO GAMES & ESPORTS ETF,グローバルX ヒーローズ（ゲーム＆eスポーツ）ETF,NASDAQ,その他,○
HEWG,iShares Currency Hedged MSCI Germany ETF,iシェアーズ 米ドルヘッジ MSCI ドイツ ETF,NASDAQ,その他,○
HEWJ,iShares Currency Hedged MSCI Japan ETF,iシェアーズ 米ドルヘッジ MSCI ジャパン ETF,NYSE Arca,その他,○
HEZU,iShares Currency Hedged MSCI Eurozone ETF ,iシェアーズ 米ドルヘッジ MSCI ユーロゾーン ETF,NYSE Arca,その他,○
HYEM,VanEck Vectors Emerging Markets High Yield Bond ETF,ヴァンエック・ベクトル新興国ハイ・イールド債ETF,NYSE Arca,その他,○
HYG,iShares IBOXX $ HIGH YIELD CORPORATE BOND,iシェアーズ iBoxx 米ドル建てハイイールド社債 ETF,NYSE Arca,その他,○
HYLS,FIRST TRUST TACTICAL HIGH YIELD ETF,ファースト・トラスト・タクティカル・ハイ・イールド・ETF,NASDAQ,その他,○
HYZD,WISDOMTREE INTEREST RATE HEDGED HIGH YIELD BOND FUND,ウィズダムツリー 米国ハイイールド社債ファンド（金利ヘッジ型）,NASDAQ,その他,○
IAU,iShares GOLD TRUST,iシェアーズ ゴールド・トラスト,NYSE Arca,その他,○
IBB,iShares NASDAQ BIOTECHNOLOGY INDEX,iシェアーズ NASDAQ バイオテクノロジー ETF,NASDAQ,その他,○
ICLN,iShares S&P GLOBAL CLEAN ENERGY INDEX FUND ,iシェアーズ グローバル・クリーンエネルギー ETF,NASDAQ,その他,○
IDHQ,Invesco S&P International Developed Quality ETF,インベスコ　S&P 世界先進国クオリティ・ ETF,NYSE Arca,その他,○
IDX,VanEck Vectors Indonesia Index ETF,ヴァンエック・ベクトル・インドネシア・インデックスETF,NYSE Arca,その他,○
IEF,iShares 7‐10 Year Treasury Bond ETF,iシェアーズ 米国国債 7-10年 ETF,NASDAQ,その他,○
IEMG,iShares Core MSCI Emerging Markets ETF,iシェアーズ コア　MSCI エマージング・マーケット ETF,NYSE Arca,その他,○
IEV,iShares Europe ETF,iシェアーズ ヨーロッパ ETF,NYSE Arca,その他,○
IFGL,ISHARES FTSE EPRA/NAREIT DEVELOPED REAL ESTATE EX-U.S. INDEX FUND ,iシェアーズ 先進国（除く米国） REIT ETF,NASDAQ,その他,○
IGF,iShares Global Infrastructure ETF,iシェアーズ グローバル・インフラ ETF,NASDAQ,その他,○
IGIB,iShares Intermediate-Term Corporate Bond ETF,iシェアーズ 米ドル建て中期社債 ETF,NASDAQ,その他,○
IGOV,iShares International Treasury Bond ETF,iシェアーズ 世界国債（除く米国）ETF,NASDAQ,その他,○
IGSB,iShares Short-Term Corporate Bond ETF,iシェアーズ 米ドル建て短期社債 ETF,NASDAQ,その他,○
IHY,VanEck Vectors International High Yield Bond ETF,ヴァンエック・ベクトル国際ハイ・イールド債ETF,NYSE Arca,その他,○
IJH,iShares S&P MIDCAP 400,iシェアーズ S&P 中型株 ETF,NYSE Arca,その他,○
IJR,iShares S&P SMALLCAP 600,iシェアーズ S&P 小型株 ETF,NYSE Arca,その他,○
ILF,iShares S&P LATIN AMERICA 40,iシェアーズ ラテンアメリカ 40 ETF,NYSE Arca,その他,○
INDL,DIREXION DAILY INDIA BULL 2X SHARES,Direxion デイリー MSCI インド株 ブル2倍 ETF,NYSE Arca,その他,○
INKM,SPDR SSgA Income Allocation ETF,SPDR　SSgA インカム・アロケーション ETF,NYSE Arca,その他,○
IOO,iShares S&P GLOBAL 100,iシェアーズ グローバル 100 ETF,NYSE Arca,その他,○
IVOG,VANGUARD S&P MID-CAP 400 GROWTH ETF,バンガード・S&Pミッドキャップ400グロースETF,NYSE Arca,その他,○
IVOO,VANGUARD S&P MID-CAP 400 ETF,バンガード・S&Pミッドキャップ400 ETF,NYSE Arca,その他,○
IVOV,VANGUARD S&P MID-CAP 400 VALUE ETF,バンガード・S&Pミッドキャップ400バリューETF,NYSE Arca,その他,○
IVV,iShares Core S&P 500 ETF,iシェアーズ・コア S&P 500 ETF,NYSE Arca,その他,○
IWM,iShares RUSSELL 2000 INDEX,iシェアーズ ラッセル 2000 ETF,NYSE Arca,その他,○
IXC, iShares Global Energy ETF,iシェアーズ グローバル・エネルギー ETF,NYSE Arca,その他,○
IXG,iShares Global Financials ETF,iシェアーズ グローバル金融 ETF,NYSE Arca,その他,○
IXJ, iShares Global Healthcare ETF,iシェアーズ グローバル・ヘルスケア ETF,NYSE Arca,その他,○
IXN, iShares Global Tech ETF,iシェアーズ グローバル・テクノロジー ETF,NYSE Arca,その他,○
IXP,iShares Global Telecom ETF,iシェアーズ グローバル電気通信 ETF,NYSE Arca,その他,○
IYR,iShares U.S. Real Estate ETF,iシェアーズ 米国不動産 ETF,NYSE Arca,その他,○
JJA,iPath Series B Bloomberg Agriculture Subindex Total Return ETN,iPath シリーズB ブルームバーグ農産物サブ指数トータルリターンETN,NYSE Arca,その他,○
JJC,iPath Series B Bloomberg Copper Subindex Total Return ETN,iPath シリーズB ブルームバーグ銅サブ指数トータルリターンETN,NYSE Arca,その他,○
JJG,iPath Series B Bloomberg Grains Subindex Total Return ETN,iPath シリーズB ブルームバーグ穀物サブ指数トータルリターンETN,NYSE Arca,その他,○
JJM,iPath Series B Bloomberg Industrial Metals Subindex Total Return ETN,iPath  シリーズB ブルームバーグ産業用金属サブ指数トータルリターンETN,NYSE Arca,その他,○
JJN,iPath Series B Bloomberg Nickel Subindex Total Return ETN,iPath シリーズB ブルームバーグ・ニッケル・サブ指数トータルリターンETN,NYSE Arca,その他,○
JNK,SPDR Bloomberg Barclays High Yield Bond ETF,SPDR ブルームバーグ・バークレイズ・ハイ・イールド債券 ETF,NYSE Arca,その他,○
JO,iPath Series B Bloomberg Coffee Subindex Total Return ETN,iPath シリーズB ブルームバーグ・コーヒー・サブ指数トータルリターンETN,NYSE Arca,その他,○
JXI,iShares Global Utilities ETF,iシェアーズ グローバル公益事業 ETF,NYSE Arca,その他,○
KNOW,DIREXION ALL CAP INSIDER SENTIMENT SHARES,Direxion インサイダー・センチメント ETF,NYSE Arca,その他,○
KOL,VanEck Vectors Coal ETF,ヴァンエック・ベクトル・石炭株 ETF,NYSE Arca,その他,○
KRMA,GLOBAL X CONSCIOUS COMPANIES ETF,グローバルX ESG経営企業 ETF,NASDAQ,その他,○
KXI,iShares Global Consumer Staples ETF,iシェアーズ グローバル生活必需品 ETF,NYSE Arca,その他,○
LABD,DIREXION DAILY S&P BIOTECH BEAR 3X SHARES,Direxion デイリー S&P バイオテック株 ベア3倍 ETF,NYSE Arca,その他,○
LABU,DIREXION DAILY S&P BIOTECH BULL 3X SHARES,Direxion デイリー S&P バイオテック株 ブル3倍 ETF,NYSE Arca,その他,○
LEMB,i Shares J.P. Morgan EM Local Currency Bond ETF,iシェアーズ J.P.モルガン・現地通貨建てエマージング・マーケット債券 ETF,NYSE Arca,その他,○
LIT,GLOBAL X LITHIUM & BATTERY TECH ETF,グローバルX リチウム&バッテリーテック ETF,NYSE Arca,その他,○
LMBS,FIRST TRUST LOW DURATION OPPORTUNITIES ETF,ファースト・トラスト・ロー・デュレーション・オポチュニティーズ・ETF,NASDAQ,その他,○
LQD, iShares iBoxx $ Investment Grade Corporate Bond ETF,iシェアーズ iBoxx 米ドル建て投資適格社債 ETF,NYSE Arca,その他,○
MBB,iShares BARCLAYS MBS BOND FUND,iシェアーズ 米国 MBS ETF,NASDAQ,その他,○
MGC,VANGUARD MEGA CAP ETF,バンガード・米国メガキャップETF,NYSE Arca,その他,○
MGK,VANGUARD MEGA CAP GROWTH ETF,バンガード・米国メガキャップ・グロースETF,NYSE Arca,その他,○
MGV,VANGUARD MEGA CAP VALUE ETF,バンガード・米国メガキャップ・バリューETF,NYSE Arca,その他,○
MILN,GLOBAL X MILLENNIALS THEMATIC ETF,グローバルX ミレニアル世代消費者 ETF,NASDAQ,その他,○
MOO,VanEck Vectors Agribusiness ETF,ヴァンエック・ベクトル・アグリビジネスETF,NYSE Arca,その他,○
MXI,iShares Global Materials ETF,iシェアーズ グローバル素材 ETF,NYSE Arca,その他,○
NIB,IPATH BLOOMBERG COCOA SUBINDEX TOTAL RETURN ETN,iPathブルームバーグ・カカオ・サブ指数トータルリターンETN,NYSE Arca,その他,○
NLR,VanEck Vectors Uranium+Nuclear Energy ETF,ヴァンエック・ベクトル・ウラン原子力エネルギーETF,NYSE Arca,その他,○
NUGT,DIREXION DAILY GOLD MINERS BULL 2X SHARES,Direxion デイリー 金鉱株 ブル2倍 ETF,NYSE Arca,その他,○
OEF,iShares S&P 100 ETF,iシェアーズ S&P 100 ETF,NYSE Arca,その他,○
OIH,VanEck Vectors Oil Services ETF,ヴァンエック・ベクトル・石油サービスETF,NYSE Arca,その他,○
PBD,Invesco Global Clean Energy ETF,インベスコ・グローバル・クリーン・エネルギー・ ETF,NYSE Arca,その他,○
PFF,iShares Preferred and Income Securities ETF,iシェアーズ 優先株式 ＆ インカム証券 ETF,NASDAQ,その他,○
PFFD,GLOBAL X U.S. PREFERRED ETF,グローバルX 米国優先証券 ETF,NYSE Arca,その他,○
PIO,Invesco Global Water ETF,インベスコ・グローバル・ウォーター・ETF,NASDAQ,その他,○
PPH,VanEck Vectors Pharmaceutical ETF,ヴァンエック・ベクトル・製薬ETF,NASDAQ,その他,○
PXF,Invesco FTSE RAFI Developed Markets ex-U.S. ETF,インベスコ FTSE RAFI　先進国市場（米国を除く）ETF,NYSE Arca,その他,○
QCLN,FIRST TRUST NASDAQ CLEAN EDGE GREEN ENERGY INDEX FUND,ファースト・トラスト・NASDAQ ・クリーン・エッジ・クリーン・エナジー・インデックス・ファンド,NASDAQ,その他,○
QDIV,GLOBAL X S&P 500 QUALITY DIVIDEND ETF,グローバルX 高配当・優良・米国株 ETF ,NYSE Arca,その他,○
QQQ,Invesco QQQ Trust,インベスコQQQ 信託シリーズ1,NASDAQ,その他,○
QYLD,GLOBAL X NASDAQ 100 COVERED CALL ETF,グローバルX NASDAQ100・カバード・コール ETF,NASDAQ,その他,○
REMX,VanEck Vectors Rare Earth/Strategic Metals ETF,ヴァンエック・ベクトル・レアアース/戦略的金属ETF,NYSE Arca,その他,○
RLY,SPDR SSgA Multi-Asset Real Return ETF ,SPDR SSgA マルチ・アセット・リアル・リターン ETF,NYSE Arca,その他,○
RNRG,Global X Renewable Energy Producers ETF,グローバル・X・リニューアブル・エナジー・プロデューサーズ ETF,NASDAQ,その他,○
ROBO,ROBO GLOBAL ROBOTICS AND AUTOMATION INDEX ETF,ROBO Global ロボティクス・アンド・オートメーション・インデックスETF,NYSE Arca,その他,○
RTH,VanEck Vectors Retail ETF,ヴァンエック・ベクトル・小売ETF,NASDAQ,その他,○
RUSL,DIREXION DAILY RUSSIA BULL 2X SHARES,Direxion デイリー ロシア株 ブル2倍 ETF,NYSE Arca,その他,○
RWR,SPDR Dow Jones REIT ETF,SPDR ダウ・ジョーンズ REIT ETF,NYSE Arca,その他,○
RWX,SPDR Dow Jones International Real Estate ETF,SPDR ダウ・ジョーンズ・インターナショナル・リアル・エステート ETF,NYSE Arca,その他,○
RXI,iShares Global Consumer Discretionary ETF,iシェアーズ グローバル一般消費財 ETF,NYSE Arca,その他,○
SDIV,GLOBAL X SUPERDIVIDEND ETF,グローバルX スーパーディビィデンド・世界株式 ETF,NYSE Arca,その他,○
SDY,SPDR S&P Dividend ETF,SPDR S&P 米国高配当株式 ETF,NYSE Arca,その他,○
SGG,iPath Series B Bloomberg Sugar Subindex Total Return ETN,iPath シリーズB ブルームバーグ砂糖サブ指数トータルリターンETN,NYSE Arca,その他,○
SHE,SPDR SSGA GENDER DIVERSITY INDEX ETF,SPDR　SSGAジェンダー・ダイバーシティ・インデックスETF,NYSE Arca,その他,○
SHV,iShares Short Treasury Bond ETF,iシェアーズ 米国短期国債 ETF,NASDAQ,その他,○
SHY,iShares 1‐3 Year Treasury Bond ETF,iシェアーズ 米国国債 1-3年 ETF,NASDAQ,その他,○
SJNK,SPDR BLOOMBERG BARCLAYS SHORT TERM HIGH YIELD BOND ETF,SPDR ブルームバーグ・バークレイズ短期ハイ・イールド債券ETF,NYSE Arca,その他,○
SLV,iShares SILVER TRUST,iシェアーズ シルバー・トラスト,NYSE Arca,その他,○
SLX,VanEck Vectors Steel ETF,ヴァンエック・ベクトル・鉄鋼ETF,NYSE Arca,その他,○
SMH,VanEck Vectors Semiconductor ETF,ヴァンエック・ベクトル・半導体株ETF,NASDAQ,その他,○
SOCL,GLOBAL X SOCIAL MEDIA ETF,グローバルX ソーシャルメディア ETF,NASDAQ,その他,○
SOXL,DIREXION DAILY SEMICONDUCTOR BULL 3X SHARES,Direxion デイリー 半導体株 ブル 3倍 ETF,NYSE Arca,その他,○
SOXS,DIREXION DAILY SEMICONDUCTOR BEAR 3X SHARES,Direxion デイリー 半導体株 ベア 3倍 ETF,NYSE Arca,その他,○
SPAB,SPDR PORTFOLIO AGGREGATE BOND ETF,SPDR ポートフォリオ米国総合債券ETF,NYSE Arca,その他,○
SPDW,SPDR PORTFOLIO DEVELOPED WORLD EX-US ETF,SPDR ポートフォリオ先進国株式（除く米国）ETF,NYSE Arca,その他,○
SPEM,SPDR PORTFOLIO EMERGING MARKERT ETF,SPDR ポートフォリオ 新興国株式 ETF,NYSE Arca,その他,○
SPIB,SPDR PORTFOLIO INTERMEDIATE TERM CORPORATE BOND ETF,SPDR ポートフォリオ米国中期社債ETF,NYSE Arca,その他,○
SPLB,SPDR PORTFOLIO LONG TERM CORPORATE BOND ETF,SPDR ポートフォリオ米国長期社債ETF,NYSE Arca,その他,○
SPLG,SPDR PORTFOLIO S&P 500 ETF,SPDR ポートフォリオ S&P 500 ETF,NYSE Arca,その他,○
SPMD,SPDR PORTFOLIO S&P 400 MID CAP ETF,SPDR ポートフォリオ S&P 400 中型株式 ETF,NYSE Arca,その他,○
SPSB,SPDR PORTFOLIO SHORT TERM CORPORATE BOND ETF,SPDR ポートフォリオ米国短期社債ETF,NYSE Arca,その他,○
SPSM,SPDR PORTFOLIO  S&P 600 SMALL CAP ETF,SPDR ポートフォリオ S&P 600 小型株式 ETF,NYSE Arca,その他,○
SPTI,SPDR Portfolio Intermediate Term Treasury ETF,SPDRポートフォリオ米国中期国債ETF,NYSE Arca,その他,○
SPTL,SPDR PORTFOLIO LONG TERM TREASURY ETF,SPDR ポートフォリオ米国長期国債ETF,NYSE Arca,その他,○
SPTM,SPDR PORTFOLIO S&P 1500 COMPOSITE STOCK MARKET ETF,SPDR ポートフォリオ S&P 1500 コンポジット・ストック・マーケット ETF,NYSE Arca,その他,○
SPTS,SPDR PORTFOLIO SHORT TERM TREASURY ETF,SPDR ポートフォリオ米国短期国債ETF,NYSE Arca,その他,○
SPXL,DIREXION DAILY S&P 500 BULL 3X SHARES,Direxion デイリー S&P 500 ブル3倍 ETF,NYSE Arca,その他,○
SPXS,DIREXION DAILY S&P 500 BEAR 3X SHARES,Direxion デイリー S&P 500 ベア3倍 ETF,NYSE Arca,その他,○
SPY,SPDR S&P 500 ETF TRUST,SPDR S&P 500 ETF,NYSE Arca,その他,○
SPYD,SPDR PORTFOLIO S&P 500 HIGH DIVIDEND ETF,SPDR ポートフォリオS&P 500 高配当株式ETF,NYSE Arca,その他,○
SPYG,SPDR PORTFOLIO S&P 500 GROWTH ETF,SPDR ポートフォリオS&P 500 グロース株式ETF,NYSE Arca,その他,○
SPYV,SPDR PORTFOLIO S&P 500 VALUE ETF,SPDR ポートフォリオS&P 500 バリュー株式ETF,NYSE Arca,その他,○
SRET,GLOBAL X SUPERDIVIDEND REIT ETF,グローバルX スーパーディビィデンド・世界リート ETF,NASDAQ,その他,○
SRLN,SPDR BLACKSTONE SENIOR LOAN ETF,SPDR ブラックストーン・シニア・ローンETF,NYSE Arca,その他,○
SUSA,iShares MSCI USA ESG SELECT SOCIAL INDEX FUND,iシェアーズ MSCI 米国 ESG セレクト ETF,NYSE Arca,その他,○
TECL,DIREXION DAILY TECHNOLOGY BULL 3X SHARES,Direxion デイリー テクノロジー株 ブル 3倍 ETF,NYSE Arca,その他,○
TECS,DIREXION DAILY TECHNOLOGY BEAR 3X SHARES,Direxion デイリー テクノロジー株 ベア 3倍 ETF,NYSE Arca,その他,○
THD,iShares MSCI THAILAND ETF,iシェアーズ MSCI タイ ETF,NYSE Arca,その他,○
TIP,iShares TIPS Bond ETF,iシェアーズ 米国物価連動国債 ETF,NYSE Arca,その他,○
TLT,iShares 20+ Year Treasury Bond ETF,iシェアーズ 米国国債 20年超 ETF,NASDAQ,その他,○
TMF,DIREXION DAILY 20+ YEAR TREASURY BULL 3X SHARES,Direxion デイリー 20年超米国債 ブル3倍 ETF,NYSE Arca,その他,○
TMV,DIREXION DAILY 20+ YEAR TREASURY BEAR 3X SHARES ,Direxion デイリー 20年超米国債 ベア3倍 ETF,NYSE Arca,その他,○
TNA,DIREXION DAILY SMALL CAP BULL 3X SHARES ,Direxion デイリー 米国小型株 ブル3倍 ETF,NYSE Arca,その他,○
TOK,iShares MSCI KOKUSAI INDEX ,iシェアーズ MSCI コクサイ　ETF,NYSE Arca,その他,○
TOTL,SPDR DOUBLELINE TOTAL RETURN TACTICAL ETF,SPDR ダブルライン・トータル・リターン・タクティカルETF,NYSE Arca,その他,○
TUR,iShares MSCI Turkey Investable Market Index Fund,iシェアーズ MSCI トルコ ETF,NASDAQ,その他,○
TZA,DIREXION DAILY SMALL CAP BEAR 3X SHARES,Direxion デイリー 米国小型株 ベア3倍 ETF,NYSE Arca,その他,○
UBOT,"DIREXION DAILY ROBOTICS, ARTIFICIAL INTELLIGENCE & AUTOMATION INDEX BULL 3X SHARES",Direxion デイリー　ロボティックスAI&オートメーション指数株 ブル 3倍 ETF,NYSE Arca,その他,○
USIG,iShares Broad USD Investment Grade Corporate Bond ETF,iシェアーズ・ブロード米ドル建て投資適格社債 ETF,NASDAQ,その他,○
VAW,VANGUARD MATERIALS ETF,バンガード・米国素材セクターETF,NYSE Arca,その他,○
VB,Vanguard SMALL-CAP ETF,バンガード・スモールキャップETF,NYSE Arca,その他,○
VBK,VANGUARD SMALL-CAP GROWTH ETF,バンガード・米国スモールキャップ・グロースETF,NYSE Arca,その他,○
VBR,VANGUARD SMALL-CAP VALUE ETF,バンガード・米国スモールキャップ・バリューETF,NYSE Arca,その他,○
VCIT,VANGUARD INTERMEDIATE-TERM CORPORATE BOND ETF,バンガード・米国中期社債ETF,NASDAQ,その他,○
VCLT,VANGUARD LONG-TERM CORPORATE BOND ETF,バンガード・米国長期社債ETF,NASDAQ,その他,○
VCR,VANGUARD CONSUMER DISCRETIONARY ETF,バンガード・米国一般消費財・サービス・セクターETF,NYSE Arca,その他,○
VCSH,VANGUARD SHORT-TERM CORPORATE BOND ETF,バンガード・米国短期社債ETF,NASDAQ,その他,○
VDC,VANGUARD CONSUMER STAPLES ETF,バンガード・米国生活必需品セクターETF,NYSE Arca,その他,○
VDE,VANGUARD ENERGY ETF,バンガード・米国エネルギー・セクターETF,NYSE Arca,その他,○
VEA,VANGUARD FTSE DEVELOPED MARKETS ETF,バンガード・FTSE先進国市場（除く米国）ETF,NYSE Arca,その他,○
VEU,VANGUARD FTSE ALL-WORLD EX-US ETF,バンガード・FTSE・オールワールド(除く米国)ETF,NYSE Arca,その他,○
VFH,VANGUARD FINANCIALS ETF,バンガード・米国金融セクターETF,NYSE Arca,その他,○
VGIT,VANGUARD INTERMEDIATE-TERM TREASURY ETF,バンガード・米国中期国債ETF,NASDAQ,その他,○
VGK,Vanguard FTSE Europe ETF,バンガード・FTSE・ヨーロッパETF,NYSE Arca,その他,○
VGLT,VANGUARD LONG-TERM GOVERNMENT TREASURY ETF,バンガード・米国長期国債ET,NASDAQ,その他,○
VGSH,VANGUARD SHORT-TERM TREASURY ETF,バンガード・米国短期国債ETF,NASDAQ,その他,○
VGT,VANGUARD INFORMATION TECHNOLOGY ETF,バンガード・米国情報技術セクターETF,NYSE Arca,その他,○
VHT,VANGUARD HEALTH CARE ETF,バンガード・米国ヘルスケア・セクターETF,NYSE Arca,その他,○
VIG,Vanguard Dividend Appreciation ETF,バンガード・米国増配株式ETF,NYSE Arca,その他,○
VIOG,VANGUARD S&P SMALL-CAP 600 GROWTH ETF,バンガード・S&Pスモールキャップ600グロースETF,NYSE Arca,その他,○
VIOO,VANGUARD S&P SMALL-CAP 600 ETF,バンガード・S&Pスモールキャップ600 ETF,NYSE Arca,その他,○
VIOV,VANGUARD S&P SMALL-CAP 600 VALUE ETF,バンガード・S&Pスモールキャップ600バリューETF,NYSE Arca,その他,○
VIS,VANGUARD INDUSTRIALS ETF,バンガード・米国資本財・サービス・セクターETF,NYSE Arca,その他,○
VMBS,VANGUARD MORTGAGE-BACKED SECURITIES ETF,バンガード・米国モーゲージ担保証券ETF,NASDAQ,その他,○
VO,VANGUARD MID-CAP ETF,バンガード・米国ミッドキャップETF,NYSE Arca,その他,○
VOE,VANGUARD MID-CAP VALUE ETF,バンガード・米国ミッドキャップ・バリューETF,NYSE Arca,その他,○
VONE,VANGUARD RUSSELL 1000 ETF,バンガード・ラッセル1000 ETF,NASDAQ,その他,○
VONG,VANGUARD RUSSELL 1000 GROWTH ETF,バンガード・ラッセル1000グロース株ETF,NASDAQ,その他,○
VONV,VANGUARD RUSSELL 1000 VALUE ETF,バンガード・ラッセル1000バリュー株ETF,NASDAQ,その他,○
VOO,Vanguard S&P 500 ETF ,バンガード・S&P 500 ETF,NYSE Arca,その他,○
VOOG,VANGUARD S&P 500 GROWTH ETF,バンガード・S&P500グロースETF,NYSE Arca,その他,○
VOOV,VANGUARD S&P 500 VALUE ETF,バンガード・S&P500バリューETF,NYSE Arca,その他,○
VOT,VANGUARD MID-CAP GROWTH ETF,バンガード・米国ミッドキャップ・グロースETF,NYSE Arca,その他,○
VOX,VANGUARD COMMUNICATION SERVICES ETF,バンガード・米国通信サービス・セクターETF,NYSE Arca,その他,○
VPL,Vanguard FTSE Pacific ETF,バンガード・FTSE・パシフィックETF,NYSE Arca,その他,○
VPN,GLOBAL X DATA CENTER REITS & DIGITAL INFRASTRUCTURE ETF,グローバルX データセンターリート&デジタルインフラ ETF,NASDAQ,その他,○
VPU,VANGUARD UTILITIES ETF,バンガード・米国公益事業セクターETF,NYSE Arca,その他,○
VSS,Vanguard FTSE ALL-WORLD ex-US SMALL-CAP ETF,バンガード・FTSE・オールワールド（除く米国）スモールキャップETF,NYSE Arca,その他,○
VT,Vanguard TOTAL WORLD STOCK ETF,バンガード・トータル・ワールド・ストックETF,NYSE Arca,その他,○
VTHR,VANGUARD RUSSELL 3000 ETF,バンガード・ラッセル3000 ETF,NASDAQ,その他,○
VTI,Vanguard TOTAL STOCK MKT ETF,バンガード・トータル・ストック・マーケットETF,NYSE Arca,その他,○
VTIP,VANGUARD SHORT-TERM INFLATION-PROTECTED SECURITIES ETF,バンガード・米国短期インフレ連動債ETF,NASDAQ,その他,○
VTV,VANGUARD VALUE ETF ,バンガード・米国バリューETF,NYSE Arca,その他,○
VTWG,VANGUARD RUSSELL 2000 GROWTH ETF,バンガード・ラッセル2000グロース株ETF,NASDAQ,その他,○
VTWO,VANGUARD RUSSELL 2000 ETF,バンガード・ラッセル2000 ETF,NASDAQ,その他,○
VTWV,VANGUARD RUSSELL 2000 VALUE ETF,バンガード・ラッセル2000バリュー株ETF,NASDAQ,その他,○
VUG,VANGUARD GROWTH ETF ,バンガード・米国グロースETF,NYSE Arca,その他,○
VV,VANGUARD LARGE-CAP ETF,バンガード・米国ラージキャップETF,NYSE Arca,その他,○
VWO,Vanguard FTSE Emerging Markets ETF,バンガード・FTSE・エマージング・マーケッツETF,NYSE Arca,その他,○
VWOB,Vanguard Emerging Markets Government Bond ETF ,バンガード・米ドル建て新興国政府債券ETF,NASDAQ,その他,○
VXF,VANGUARD EXTENDED MARKET ETF,バンガード・米国エクステンデッド・マーケットETF,NYSE Arca,その他,○
VXUS,VANGUARD TOTAL INTERNATIONAL STOCK ETF,バンガード・トータル・インターナショナル・ストック(除く米国)ETF,NASDAQ,その他,○
VYM,Vanguard High Dividend Yield ETF,バンガード・米国高配当株式ETF,NYSE Arca,その他,○
WEBL,DIREXION DAILY DOW JONES INTERNET BULL 3X SHARES,Direxion デイリー ダウ・ジョーンズ・インターネット ブル3倍 ETF,NYSE Arca,その他,○
WEBS,DIREXION DAILY DOW JONES INTERNET BEAR 3X SHARES,Direxion デイリー ダウ・ジョーンズ・インターネット ベア3倍 ETF,NYSE Arca,その他,○
WFH,DIREXION WORK FROM HOME ETF,Direxion ワーク・フロム・ホーム ETF,NYSE Arca,その他,○
WOOD,iShares Global Timber & Forestry ETF,iシェアーズ グローバル・ティンバー＆フォレストリー ETF,NASDAQ,その他,○
XLB,MATERIALS SELECT SECTOR SPDR FUND,素材セレクト・セクター SPDR ファンド,NYSE Arca,その他,○
XLC,Communication Services Select Sector SPDR Fund,コミュニケーション・サービス・セレクト・セクターSPDRファンド,NYSE Arca,その他,○
XLE,ENERGY SELECT SECTOR SPDR FUND,エネルギー・セレクト・セクター SPDR ファンド,NYSE Arca,その他,○
XLF,FINANCIAL SELECT SECTOR SPDR FUND,金融セレクト・セクター SPDR ファンド,NYSE Arca,その他,○
XLI,INDUSTRIAL SELECT SECTOR SPDR FUND,資本財セレクト・セクター SPDR ファンド,NYSE Arca,その他,○
XLK,TECHNOLOGY SELECT SECTOR SPDR FUND,テクノロジー・セレクト・セクター SPDR ファンド,NYSE Arca,その他,○
XLP,CONSUMER STAPLES SELECT SECTOR SPDR FUND,生活必需品セレクト・セクター SPDR ファンド,NYSE Arca,その他,○
XLRE,REAL ESTATE SELECT SECTOR SPDR FUND,不動産セレクト・セクターSPDRファンド,NYSE Arca,その他,○
XLU,UTILITIES SELECT SECTOR SPDR FUND,公益事業セレクト・セクター SPDR ファンド,NYSE Arca,その他,○
XLV,HEALTH CARE SELECT SECTOR SPDR FUND,ヘルスケア・セレクト・セクター SPDR ファンド,NYSE Arca,その他,○
XLY,CONSUMER DISCRETIONARY SELECT SECTOR SPDR FUND,一般消費財セレクト・セクター SPDR ファンド,NYSE Arca,その他,○
XSOE,WISDOMTREE EMERGING MARKETS EX-STATE-OWNED ENTERPRISE FUND,ウィズダムツリー新興国株ニューエコノミーファンド,NYSE,その他,○
YANG,DIREXION DAILY FTSE CHINA BEAR 3X SHARES,Direxion デイリー FTSE中国株 ベア 3倍 ETF,NYSE Arca,その他,○
YINN,DIREXION DAILY FTSE CHINA BULL 3X SHARES,Direxion デイリー FTSE中国株 ブル 3倍 ETF,NYSE Arca,その他,○
YYY,Amplify High Income ETF,アンプリファイ・ハイ・インカム・ETF,NYSE Arca,その他,○
